{
    "providers": [
        {
            "type": "bitmap",
            "file": "minecraft:ranks/lamico_redstone_rank.png",
            "ascent": 8,
            "height": 8,
            "chars": [
                ""
            ]
        },
        {
            "type": "bitmap",
            "file": "minecraft:ranks/lamico_netherite_rank.png",
            "ascent": 8,
            "height": 8,
            "chars": [
                ""
            ]
        },
        {
            "type": "bitmap",
            "file": "minecraft:ranks/lamico_emerald_rank.png",
            "ascent": 8,
            "height": 8,
            "chars": [
                ""
            ]
        },
        {
            "type": "bitmap",
            "file": "minecraft:ranks/lamico_diamond_rank.png",
            "ascent": 8,
            "height": 8,
            "chars": [
                ""
            ]
        },
        {
            "type": "bitmap",
            "file": "minecraft:ranks/lamico_gold_rank.png",
            "ascent": 8,
            "height": 8,
            "chars": [
                ""
            ]
        },
        {
            "type": "bitmap",
            "file": "minecraft:ranks/lamico_iron_rank.png",
            "ascent": 8,
            "height": 8,
            "chars": [
                ""
            ]
        },
        {
            "type": "bitmap",
            "file": "minecraft:ranks/lamico_streamer_rank.png",
            "ascent": 8,
            "height": 8,
            "chars": [
                ""
            ]
        },
        {
            "type": "bitmap",
            "file": "minecraft:ranks/lamico_owner_rank.png",
            "ascent": 8,
            "height": 8,
            "chars": [
                ""
            ]
        }
    ]
}